{
  "logistic_regression": {
    "cv": {
      "accuracy": 0.886875,
      "precision": 0.8904340497260851,
      "recall": 0.7661348803480783,
      "f1": 0.8236211264860651,
      "roc_auc": 0.8682360413008225,
      "cv_folds": 5
    },
    "test": {
      "accuracy": 0.877,
      "precision": 0.8964285714285715,
      "recall": 0.7275362318840579,
      "f1": 0.8032,
      "roc_auc": 0.8568702290076335
    }
  },
  "naive_bayes": {
    "cv": {
      "accuracy": 0.871,
      "precision": 0.8329475308641975,
      "recall": 0.7828136330674402,
      "f1": 0.8071028037383178,
      "roc_auc": 0.866827458202132,
      "cv_folds": 5
    },
    "test": {
      "accuracy": 0.861,
      "precision": 0.832258064516129,
      "recall": 0.7478260869565218,
      "f1": 0.7877862595419848,
      "roc_auc": 0.8545912158424604
    }
  }
}