{
  "logistic_regression": {
    "cv": {
      "accuracy": 0.884625,
      "precision": 0.8876214617659485,
      "recall": 0.76178390137781,
      "f1": 0.8199024390243902,
      "roc_auc": 0.8682581060708137,
      "cv_folds": 5
    },
    "test": {
      "accuracy": 0.8745,
      "precision": 0.8940754039497307,
      "recall": 0.7217391304347827,
      "f1": 0.7987169206094628,
      "roc_auc": 0.8570870671534462
    }
  },
  "naive_bayes": {
    "cv": {
      "accuracy": 0.882625,
      "precision": 0.8719836400817996,
      "recall": 0.7730239303843365,
      "f1": 0.8195271958485489,
      "roc_auc": 0.8694287493301026,
      "cv_folds": 5
    },
    "test": {
      "accuracy": 0.878,
      "precision": 0.8805460750853242,
      "recall": 0.7478260869565218,
      "f1": 0.8087774294670846,
      "roc_auc": 0.8564420843013608
    }
  }
}