tier,model,test_accuracy,test_precision,test_recall,test_f1,test_roc_auc
baseline,logistic_regression,0.8745,0.8940754039497307,0.7217391304347827,0.7987169206094628,0.857035070251134
advanced,xgboost,0.872,0.8931159420289855,0.7144927536231884,0.7938808373590982,0.8566976435446398
baseline,naive_bayes,0.878,0.8805460750853242,0.7478260869565218,0.8087774294670846,0.8564940812036729
advanced,random_forest,0.872,0.8931159420289855,0.7144927536231884,0.7938808373590982,0.8564431906184312
