tier,model,test_accuracy,test_precision,test_recall,test_f1,test_roc_auc
baseline,logistic_regression,0.8745,0.8940754039497307,0.7217391304347827,0.7987169206094628,0.8570870671534462
advanced,xgboost,0.872,0.8916967509025271,0.7159420289855073,0.7942122186495176,0.8566213076667772
baseline,naive_bayes,0.878,0.8805460750853242,0.7478260869565218,0.8087774294670846,0.8564420843013608
advanced,random_forest,0.872,0.8931159420289855,0.7144927536231884,0.7938808373590982,0.8564420843013607
