tier,model,test_accuracy,test_precision,test_recall,test_f1,test_roc_auc
advanced,random_forest,0.876,0.8960573476702509,0.7246376811594203,0.8012820512820513,0.8578858280783273
advanced,xgboost,0.8725,0.8904847396768402,0.7188405797101449,0.7955092221331195,0.8570483460559797
baseline,logistic_regression,0.877,0.8964285714285715,0.7275362318840579,0.8032,0.8568702290076335
baseline,naive_bayes,0.861,0.832258064516129,0.7478260869565218,0.7877862595419848,0.8545912158424604
