{
  "random_forest": {
    "cv": {
      "accuracy": 0.882375,
      "precision": 0.8864313058273076,
      "recall": 0.7556200145032632,
      "f1": 0.8158152280289684,
      "roc_auc": 0.8692239758142454,
      "cv_folds": 5
    },
    "test": {
      "accuracy": 0.876,
      "precision": 0.8960573476702509,
      "recall": 0.7246376811594203,
      "f1": 0.8012820512820513,
      "roc_auc": 0.8578858280783273
    },
    "tuning": {
      "scoring": "roc_auc",
      "best_cv_score": 0.8698180239580319,
      "best_params": {
        "model__max_depth": 10,
        "model__max_features": "sqrt",
        "model__min_samples_leaf": 5,
        "model__n_estimators": 400
      }
    }
  },
  "xgboost": {
    "cv": {
      "accuracy": 0.88,
      "precision": 0.8822278911564626,
      "recall": 0.752356780275562,
      "f1": 0.812133072407045,
      "roc_auc": 0.8669268188356497,
      "cv_folds": 5
    },
    "test": {
      "accuracy": 0.8725,
      "precision": 0.8904847396768402,
      "recall": 0.7188405797101449,
      "f1": 0.7955092221331195,
      "roc_auc": 0.8570483460559797
    },
    "tuning": {
      "scoring": "roc_auc",
      "best_cv_score": 0.8698894666705262,
      "best_params": {
        "model__learning_rate": 0.03,
        "model__max_depth": 5,
        "model__n_estimators": 300,
        "model__subsample": 0.8
      }
    }
  }
}