{
  "random_forest": {
    "cv": {
      "accuracy": 0.878875,
      "precision": 0.8827556696619597,
      "recall": 0.7480058013052937,
      "f1": 0.8098135426889107,
      "roc_auc": 0.8691903598950741,
      "cv_folds": 5
    },
    "test": {
      "accuracy": 0.872,
      "precision": 0.8931159420289855,
      "recall": 0.7144927536231884,
      "f1": 0.7938808373590982,
      "roc_auc": 0.8564431906184312
    },
    "tuning": {
      "scoring": "roc_auc",
      "best_cv_score": 0.8697662140985152,
      "best_params": {
        "model__max_depth": 10,
        "model__max_features": "sqrt",
        "model__min_samples_leaf": 5,
        "model__n_estimators": 400
      }
    }
  },
  "xgboost": {
    "cv": {
      "accuracy": 0.87875,
      "precision": 0.8817250213492741,
      "recall": 0.748730964467005,
      "f1": 0.8098039215686275,
      "roc_auc": 0.8684571731806388,
      "cv_folds": 5
    },
    "test": {
      "accuracy": 0.872,
      "precision": 0.8931159420289855,
      "recall": 0.7144927536231884,
      "f1": 0.7938808373590982,
      "roc_auc": 0.8566976435446398
    },
    "tuning": {
      "scoring": "roc_auc",
      "best_cv_score": 0.8679887374583883,
      "best_params": {
        "model__learning_rate": 0.03,
        "model__max_depth": 3,
        "model__n_estimators": 300,
        "model__subsample": 0.8
      }
    }
  }
}