{
  "random_forest": {
    "cv": {
      "accuracy": 0.879125,
      "precision": 0.8828559213339033,
      "recall": 0.748730964467005,
      "f1": 0.8102805571905042,
      "roc_auc": 0.8692402304253672,
      "cv_folds": 5
    },
    "test": {
      "accuracy": 0.872,
      "precision": 0.8931159420289855,
      "recall": 0.7144927536231884,
      "f1": 0.7938808373590982,
      "roc_auc": 0.8564420843013607
    },
    "tuning": {
      "scoring": "roc_auc",
      "best_cv_score": 0.8698243623343991,
      "best_params": {
        "model__max_depth": 10,
        "model__max_features": "sqrt",
        "model__min_samples_leaf": 5,
        "model__n_estimators": 400
      }
    }
  },
  "xgboost": {
    "cv": {
      "accuracy": 0.879125,
      "precision": 0.8818763326226012,
      "recall": 0.7498187092095722,
      "f1": 0.8105036253184401,
      "roc_auc": 0.8678315089895609,
      "cv_folds": 5
    },
    "test": {
      "accuracy": 0.872,
      "precision": 0.8916967509025271,
      "recall": 0.7159420289855073,
      "f1": 0.7942122186495176,
      "roc_auc": 0.8566213076667772
    },
    "tuning": {
      "scoring": "roc_auc",
      "best_cv_score": 0.8681809656976149,
      "best_params": {
        "model__learning_rate": 0.03,
        "model__max_depth": 3,
        "model__n_estimators": 300,
        "model__subsample": 0.8
      }
    }
  }
}